Producto;Talla;Stock_Real_Verificado
" TENIGUAYO PHANTOM GX 6 ELITE ";"37";0
" TENIGUAYO PHANTOM GX 6 ELITE ";"38";0
" TENIGUAYO PHANTOM GX 6 ELITE ";"39";0
" TENIGUAYO PHANTOM GX 6 ELITE ";"40";0
" TENIGUAYO PHANTOM GX 6 ELITE ";"41";0
" TENIGUAYO PHANTOM GX 6 ELITE ";"42";0
" TENIGUAYO PHANTOM GX 6 ELITE ";"43";0
" TENIGUAYO PHANTOM GX 6 ELITE ";"44";0
"Colección La Grasa";"Única";0
"Colección La Pesada";"Única";0
"Colección Los Calidosos";"Única";0
"FUTSAL ADIDAS CRAZYFAST ";"37";0
"FUTSAL ADIDAS CRAZYFAST ";"38";0
"FUTSAL ADIDAS CRAZYFAST ";"39";0
"FUTSAL ADIDAS CRAZYFAST ";"40";0
"FUTSAL ADIDAS CRAZYFAST ";"41";0
"FUTSAL ADIDAS CRAZYFAST ";"42";0
"FUTSAL ADIDAS CRAZYFAST ";"43";0
"FUTSAL ADIDAS CRAZYFAST ";"44";0
"FUTSAL GATO LUNAR AZUL X VERDE ";"37";0
"FUTSAL GATO LUNAR AZUL X VERDE ";"38";0
"FUTSAL GATO LUNAR AZUL X VERDE ";"39";0
"FUTSAL GATO LUNAR AZUL X VERDE ";"40";0
"FUTSAL GATO LUNAR AZUL X VERDE ";"41";0
"FUTSAL GATO LUNAR AZUL X VERDE ";"42";0
"FUTSAL GATO LUNAR AZUL X VERDE ";"43";0
"FUTSAL GATO LUNAR AZUL X VERDE ";"44";0
"FUTSAL GATO LUNAR BLANCO ";"37";0
"FUTSAL GATO LUNAR BLANCO ";"38";0
"FUTSAL GATO LUNAR BLANCO ";"39";0
"FUTSAL GATO LUNAR BLANCO ";"40";0
"FUTSAL GATO LUNAR BLANCO ";"41";0
"FUTSAL GATO LUNAR BLANCO ";"42";0
"FUTSAL GATO LUNAR BLANCO ";"43";0
"FUTSAL GATO LUNAR BLANCO ";"44";0
"FUTSAL GATO LUNAR MORADO";"37";0
"FUTSAL GATO LUNAR MORADO";"38";0
"FUTSAL GATO LUNAR MORADO";"39";0
"FUTSAL GATO LUNAR MORADO";"40";0
"FUTSAL GATO LUNAR MORADO";"41";0
"FUTSAL GATO LUNAR MORADO";"42";0
"FUTSAL GATO LUNAR MORADO";"43";0
"FUTSAL GATO LUNAR MORADO";"44";0
"FUTSAL GATO STREET ";"37";0
"FUTSAL GATO STREET ";"38";0
"FUTSAL GATO STREET ";"39";0
"FUTSAL GATO STREET ";"40";0
"FUTSAL GATO STREET ";"41";0
"FUTSAL GATO STREET ";"42";0
"FUTSAL GATO STREET ";"43";0
"FUTSAL GATO STREET ";"44";0
"FUTSAL GATO STREET MORA AZUL ";"37";0
"FUTSAL GATO STREET MORA AZUL ";"38";0
"FUTSAL GATO STREET MORA AZUL ";"39";0
"FUTSAL GATO STREET MORA AZUL ";"40";0
"FUTSAL GATO STREET MORA AZUL ";"41";0
"FUTSAL GATO STREET MORA AZUL ";"42";0
"FUTSAL GATO STREET MORA AZUL ";"43";0
"FUTSAL GATO STREET MORA AZUL ";"44";0
"FUTSAL GATO SUPREME";"37";0
"FUTSAL GATO SUPREME";"38";0
"FUTSAL GATO SUPREME";"39";0
"FUTSAL GATO SUPREME";"40";0
"FUTSAL GATO SUPREME";"41";0
"FUTSAL GATO SUPREME";"42";0
"FUTSAL GATO SUPREME";"43";0
"FUTSAL GATO SUPREME";"44";0
"FUTSAL GATO SUPREME ";"37";0
"FUTSAL GATO SUPREME ";"38";0
"FUTSAL GATO SUPREME ";"39";0
"FUTSAL GATO SUPREME ";"40";0
"FUTSAL GATO SUPREME ";"41";0
"FUTSAL GATO SUPREME ";"42";0
"FUTSAL GATO SUPREME ";"43";0
"FUTSAL GATO SUPREME ";"44";0
"FUTSAL JOMA CANCHA ORIGINALES";"37";0
"FUTSAL JOMA CANCHA ORIGINALES";"38";0
"FUTSAL JOMA CANCHA ORIGINALES";"39";0
"FUTSAL JOMA CANCHA ORIGINALES";"40";0
"FUTSAL JOMA CANCHA ORIGINALES";"41";0
"FUTSAL JOMA CANCHA ORIGINALES";"42";0
"FUTSAL JOMA CANCHA ORIGINALES";"43";0
"FUTSAL JOMA CANCHA ORIGINALES";"44";0
"FUTSAL JOMA DRIBLING ORIGINALES ";"37";0
"FUTSAL JOMA DRIBLING ORIGINALES ";"38";0
"FUTSAL JOMA DRIBLING ORIGINALES ";"39";0
"FUTSAL JOMA DRIBLING ORIGINALES ";"40";0
"FUTSAL JOMA DRIBLING ORIGINALES ";"41";0
"FUTSAL JOMA DRIBLING ORIGINALES ";"42";0
"FUTSAL JOMA DRIBLING ORIGINALES ";"43";0
"FUTSAL JOMA DRIBLING ORIGINALES ";"44";0
"FUTSAL JOMA REGATE ";"37";0
"FUTSAL JOMA REGATE ";"38";0
"FUTSAL JOMA REGATE ";"39";0
"FUTSAL JOMA REGATE ";"40";0
"FUTSAL JOMA REGATE ";"41";0
"FUTSAL JOMA REGATE ";"42";0
"FUTSAL JOMA REGATE ";"43";0
"FUTSAL JOMA REGATE ";"44";0
"FUTSAL JOMA REGATE REBOUND ";"37";0
"FUTSAL JOMA REGATE REBOUND ";"38";0
"FUTSAL JOMA REGATE REBOUND ";"39";0
"FUTSAL JOMA REGATE REBOUND ";"40";0
"FUTSAL JOMA REGATE REBOUND ";"41";0
"FUTSAL JOMA REGATE REBOUND ";"42";0
"FUTSAL JOMA REGATE REBOUND ";"43";0
"FUTSAL JOMA REGATE REBOUND ";"44";0
"FUTSAL JOMA TOP FLEX REBOUN PINK ";"37";0
"FUTSAL JOMA TOP FLEX REBOUN PINK ";"38";0
"FUTSAL JOMA TOP FLEX REBOUN PINK ";"39";0
"FUTSAL JOMA TOP FLEX REBOUN PINK ";"40";0
"FUTSAL JOMA TOP FLEX REBOUN PINK ";"41";0
"FUTSAL JOMA TOP FLEX REBOUN PINK ";"42";0
"FUTSAL JOMA TOP FLEX REBOUN PINK ";"43";0
"FUTSAL JOMA TOP FLEX REBOUN PINK ";"44";0
"FUTSAL JOMA TOP FLEX REBOUND ";"37";0
"FUTSAL JOMA TOP FLEX REBOUND ";"38";0
"FUTSAL JOMA TOP FLEX REBOUND ";"39";0
"FUTSAL JOMA TOP FLEX REBOUND ";"40";0
"FUTSAL JOMA TOP FLEX REBOUND ";"41";0
"FUTSAL JOMA TOP FLEX REBOUND ";"42";0
"FUTSAL JOMA TOP FLEX REBOUND ";"43";0
"FUTSAL JOMA TOP FLEX REBOUND ";"44";0
"FUTSAL JOMA TOP-FLEX REBOUND ";"37";0
"FUTSAL JOMA TOP-FLEX REBOUND ";"38";0
"FUTSAL JOMA TOP-FLEX REBOUND ";"39";0
"FUTSAL JOMA TOP-FLEX REBOUND ";"40";0
"FUTSAL JOMA TOP-FLEX REBOUND ";"41";0
"FUTSAL JOMA TOP-FLEX REBOUND ";"42";0
"FUTSAL JOMA TOP-FLEX REBOUND ";"43";0
"FUTSAL JOMA TOP-FLEX REBOUND ";"44";0
"FUTSAL MIZUNO CLÁSICO";"37";0
"FUTSAL MIZUNO CLÁSICO";"38";0
"FUTSAL MIZUNO CLÁSICO";"39";0
"FUTSAL MIZUNO CLÁSICO";"40";0
"FUTSAL MIZUNO CLÁSICO";"41";0
"FUTSAL MIZUNO CLÁSICO";"42";0
"FUTSAL MIZUNO CLÁSICO";"43";0
"FUTSAL MIZUNO CLÁSICO";"44";0
"FUTSAL MIZUNO CLÁSICO ";"37";0
"FUTSAL MIZUNO CLÁSICO ";"38";0
"FUTSAL MIZUNO CLÁSICO ";"39";0
"FUTSAL MIZUNO CLÁSICO ";"40";0
"FUTSAL MIZUNO CLÁSICO ";"41";0
"FUTSAL MIZUNO CLÁSICO ";"42";0
"FUTSAL MIZUNO CLÁSICO ";"43";0
"FUTSAL MIZUNO CLÁSICO ";"44";0
"FUTSAL NIKE GATO AGRESTE ROJO-BLANCO  ";"Única";0
"FUTSAL NIKE GATO LUNAR AZUL-BLANCO  ";"Única";0
"FUTSAL NIKE GATO STREET ";"37";0
"FUTSAL NIKE GATO STREET ";"38";0
"FUTSAL NIKE GATO STREET ";"39";0
"FUTSAL NIKE GATO STREET ";"40";0
"FUTSAL NIKE GATO STREET ";"41";0
"FUTSAL NIKE GATO STREET ";"42";0
"FUTSAL NIKE GATO STREET ";"43";0
"FUTSAL NIKE GATO STREET ";"44";0
"FUTSAL NIKE GATO STREET BEIGE SUELA GOMA  ";"37";0
"FUTSAL NIKE GATO STREET BEIGE SUELA GOMA  ";"38";0
"FUTSAL NIKE GATO STREET BEIGE SUELA GOMA  ";"39";0
"FUTSAL NIKE GATO STREET BEIGE SUELA GOMA  ";"40";0
"FUTSAL NIKE GATO STREET BEIGE SUELA GOMA  ";"41";0
"FUTSAL NIKE GATO STREET BEIGE SUELA GOMA  ";"42";0
"FUTSAL NIKE GATO STREET BEIGE SUELA GOMA  ";"43";0
"FUTSAL NIKE GATO STREET BEIGE SUELA GOMA  ";"44";0
"FUTSAL NIKE GATO SUPREME CAFÉ";"37";0
"FUTSAL NIKE GATO SUPREME CAFÉ";"38";0
"FUTSAL NIKE GATO SUPREME CAFÉ";"39";0
"FUTSAL NIKE GATO SUPREME CAFÉ";"40";0
"FUTSAL NIKE GATO SUPREME CAFÉ";"41";0
"FUTSAL NIKE GATO SUPREME CAFÉ";"42";0
"FUTSAL NIKE GATO SUPREME CAFÉ";"43";0
"FUTSAL NIKE GATO SUPREME CAFÉ";"44";0
"FUTSAL NIKE GATO SUPREME FUCHSIA-AZUL  ";"37";0
"FUTSAL NIKE GATO SUPREME FUCHSIA-AZUL  ";"38";0
"FUTSAL NIKE GATO SUPREME FUCHSIA-AZUL  ";"39";0
"FUTSAL NIKE GATO SUPREME FUCHSIA-AZUL  ";"40";0
"FUTSAL NIKE GATO SUPREME FUCHSIA-AZUL  ";"41";0
"FUTSAL NIKE GATO SUPREME FUCHSIA-AZUL  ";"42";0
"FUTSAL NIKE GATO SUPREME FUCHSIA-AZUL  ";"43";0
"FUTSAL NIKE GATO SUPREME FUCHSIA-AZUL  ";"44";0
"FUTSAL NIKE GATO SUPREME NEGRO-BLANCO  ";"37";0
"FUTSAL NIKE GATO SUPREME NEGRO-BLANCO  ";"38";0
"FUTSAL NIKE GATO SUPREME NEGRO-BLANCO  ";"39";0
"FUTSAL NIKE GATO SUPREME NEGRO-BLANCO  ";"40";0
"FUTSAL NIKE GATO SUPREME NEGRO-BLANCO  ";"41";0
"FUTSAL NIKE GATO SUPREME NEGRO-BLANCO  ";"42";0
"FUTSAL NIKE GATO SUPREME NEGRO-BLANCO  ";"43";0
"FUTSAL NIKE GATO SUPREME NEGRO-BLANCO  ";"44";0
"FUTSAL NIKE GATO SUPREMO NEGRO CHULO AZUL  ";"37";0
"FUTSAL NIKE GATO SUPREMO NEGRO CHULO AZUL  ";"38";0
"FUTSAL NIKE GATO SUPREMO NEGRO CHULO AZUL  ";"39";0
"FUTSAL NIKE GATO SUPREMO NEGRO CHULO AZUL  ";"40";0
"FUTSAL NIKE GATO SUPREMO NEGRO CHULO AZUL  ";"41";0
"FUTSAL NIKE GATO SUPREMO NEGRO CHULO AZUL  ";"42";0
"FUTSAL NIKE GATO SUPREMO NEGRO CHULO AZUL  ";"43";0
"FUTSAL NIKE GATO SUPREMO NEGRO CHULO AZUL  ";"44";0
"FUTSAL NIKE MAGISTAX";"37";0
"FUTSAL NIKE MAGISTAX";"38";0
"FUTSAL NIKE MAGISTAX";"39";0
"FUTSAL NIKE MAGISTAX";"40";0
"FUTSAL NIKE MAGISTAX";"41";0
"FUTSAL NIKE MAGISTAX";"42";0
"FUTSAL NIKE MAGISTAX";"43";0
"FUTSAL NIKE MAGISTAX";"44";0
"FUTSAL WAVE HURRACANE 3 ";"37";0
"FUTSAL WAVE HURRACANE 3 ";"38";0
"FUTSAL WAVE HURRACANE 3 ";"39";0
"FUTSAL WAVE HURRACANE 3 ";"40";0
"FUTSAL WAVE HURRACANE 3 ";"41";0
"FUTSAL WAVE HURRACANE 3 ";"42";0
"FUTSAL WAVE HURRACANE 3 ";"43";0
"FUTSAL WAVE HURRACANE 3 ";"44";0
"GUAYO ADIDAS F50 TUBULAR";"37";0
"GUAYO ADIDAS F50 TUBULAR";"38";0
"GUAYO ADIDAS F50 TUBULAR";"39";0
"GUAYO ADIDAS F50 TUBULAR";"40";0
"GUAYO ADIDAS F50 TUBULAR";"41";0
"GUAYO ADIDAS F50 TUBULAR";"42";0
"GUAYO ADIDAS F50 TUBULAR";"43";0
"GUAYO ADIDAS F50 TUBULAR";"44";0
"GUAYO ADIDAS PREDATOR 25 ELITE FT ";"37";0
"GUAYO ADIDAS PREDATOR 25 ELITE FT ";"38";0
"GUAYO ADIDAS PREDATOR 25 ELITE FT ";"39";0
"GUAYO ADIDAS PREDATOR 25 ELITE FT ";"40";0
"GUAYO ADIDAS PREDATOR 25 ELITE FT ";"41";0
"GUAYO ADIDAS PREDATOR 25 ELITE FT ";"42";0
"GUAYO ADIDAS PREDATOR 25 ELITE FT ";"43";0
"GUAYO ADIDAS PREDATOR 25 ELITE FT ";"44";0
"GUAYO ADIDAS PREDATOR ELITE FOLD";"37";0
"GUAYO ADIDAS PREDATOR ELITE FOLD";"38";0
"GUAYO ADIDAS PREDATOR ELITE FOLD";"39";0
"GUAYO ADIDAS PREDATOR ELITE FOLD";"40";0
"GUAYO ADIDAS PREDATOR ELITE FOLD";"41";0
"GUAYO ADIDAS PREDATOR ELITE FOLD";"42";0
"GUAYO ADIDAS PREDATOR ELITE FOLD";"43";0
"GUAYO ADIDAS PREDATOR ELITE FOLD";"44";0
"GUAYO ADIDAS PREDATOR LE AGÜÉ AZUL-VERDE  ";"Única";0
"GUAYO F50 TUBULAR SPARKFUSION ELITE MORADO ";"37";0
"GUAYO F50 TUBULAR SPARKFUSION ELITE MORADO ";"38";0
"GUAYO F50 TUBULAR SPARKFUSION ELITE MORADO ";"39";0
"GUAYO F50 TUBULAR SPARKFUSION ELITE MORADO ";"40";0
"GUAYO F50 TUBULAR SPARKFUSION ELITE MORADO ";"41";0
"GUAYO F50 TUBULAR SPARKFUSION ELITE MORADO ";"42";0
"GUAYO F50 TUBULAR SPARKFUSION ELITE MORADO ";"43";0
"GUAYO F50 TUBULAR SPARKFUSION ELITE MORADO ";"44";0
"GUAYO NIKE HYPERVENOM 1 RGN HYDRA BLANCO AZUL";"Única";0
"GUAYO NIKE HYPERVENOM HYDRA";"37";0
"GUAYO NIKE HYPERVENOM HYDRA";"38";0
"GUAYO NIKE HYPERVENOM HYDRA";"39";0
"GUAYO NIKE HYPERVENOM HYDRA";"40";0
"GUAYO NIKE HYPERVENOM HYDRA";"41";0
"GUAYO NIKE HYPERVENOM HYDRA";"42";0
"GUAYO NIKE HYPERVENOM HYDRA";"43";0
"GUAYO NIKE HYPERVENOM HYDRA";"44";0
"GUAYO NIKE HYPERVENOM PHANTOM RNG ";"37";0
"GUAYO NIKE HYPERVENOM PHANTOM RNG ";"38";0
"GUAYO NIKE HYPERVENOM PHANTOM RNG ";"39";0
"GUAYO NIKE HYPERVENOM PHANTOM RNG ";"40";0
"GUAYO NIKE HYPERVENOM PHANTOM RNG ";"41";0
"GUAYO NIKE HYPERVENOM PHANTOM RNG ";"42";0
"GUAYO NIKE HYPERVENOM PHANTOM RNG ";"43";0
"GUAYO NIKE HYPERVENOM PHANTOM RNG ";"44";0
"GUAYO NIKE PHANTOM GX 2 ELITE FG";"Guayo Nike phantom GX 2 elite FG";0
"GUAYO NIKE PHANTOM GX 2 NEGRO VERDE MENTA  ";"Única";0
"GUAYO NIKE PHANTOM GX 6 ELITE";"37";0
"GUAYO NIKE PHANTOM GX 6 ELITE";"38";0
"GUAYO NIKE PHANTOM GX 6 ELITE";"39";0
"GUAYO NIKE PHANTOM GX 6 ELITE";"40";0
"GUAYO NIKE PHANTOM GX 6 ELITE";"41";0
"GUAYO NIKE PHANTOM GX 6 ELITE";"42";0
"GUAYO NIKE PHANTOM GX 6 ELITE";"43";0
"GUAYO NIKE PHANTOM GX 6 ELITE";"44";0
"GUAYO NIKE PHANTOM GX 6 ELITE ";"37";0
"GUAYO NIKE PHANTOM GX 6 ELITE ";"38";0
"GUAYO NIKE PHANTOM GX 6 ELITE ";"39";0
"GUAYO NIKE PHANTOM GX 6 ELITE ";"40";0
"GUAYO NIKE PHANTOM GX 6 ELITE ";"41";0
"GUAYO NIKE PHANTOM GX 6 ELITE ";"42";0
"GUAYO NIKE PHANTOM GX 6 ELITE ";"43";0
"GUAYO NIKE PHANTOM GX 6 ELITE ";"44";0
"GUAYO NIKE PHANTOM GX 6 TACHES DE ALUMINIO ";"37";0
"GUAYO NIKE PHANTOM GX 6 TACHES DE ALUMINIO ";"38";0
"GUAYO NIKE PHANTOM GX 6 TACHES DE ALUMINIO ";"39";0
"GUAYO NIKE PHANTOM GX 6 TACHES DE ALUMINIO ";"40";0
"GUAYO NIKE PHANTOM GX 6 TACHES DE ALUMINIO ";"41";0
"GUAYO NIKE PHANTOM GX 6 TACHES DE ALUMINIO ";"42";0
"GUAYO NIKE PHANTOM GX 6 TACHES DE ALUMINIO ";"43";0
"GUAYO NIKE PHANTOM GX 6 TACHES DE ALUMINIO ";"44";0
"GUAYO PHANTOM GX 6 ELITE";"37";0
"GUAYO PHANTOM GX 6 ELITE";"38";0
"GUAYO PHANTOM GX 6 ELITE";"39";0
"GUAYO PHANTOM GX 6 ELITE";"40";0
"GUAYO PHANTOM GX 6 ELITE";"41";0
"GUAYO PHANTOM GX 6 ELITE";"42";0
"GUAYO PHANTOM GX 6 ELITE";"43";0
"GUAYO PHANTOM GX 6 ELITE";"44";0
"GUAYO PREDATOR 26 ELITE ";"37";0
"GUAYO PREDATOR 26 ELITE ";"38";0
"GUAYO PREDATOR 26 ELITE ";"39";0
"GUAYO PREDATOR 26 ELITE ";"40";0
"GUAYO PREDATOR 26 ELITE ";"41";0
"GUAYO PREDATOR 26 ELITE ";"42";0
"GUAYO PREDATOR 26 ELITE ";"43";0
"GUAYO PREDATOR 26 ELITE ";"44";0
"GUAYO PREDATOR 26 ELITE FG ";"37";0
"GUAYO PREDATOR 26 ELITE FG ";"38";0
"GUAYO PREDATOR 26 ELITE FG ";"39";0
"GUAYO PREDATOR 26 ELITE FG ";"40";0
"GUAYO PREDATOR 26 ELITE FG ";"41";0
"GUAYO PREDATOR 26 ELITE FG ";"42";0
"GUAYO PREDATOR 26 ELITE FG ";"43";0
"GUAYO PREDATOR 26 ELITE FG ";"44";0
"GUAYO PREDATOR EDGE-EDICIÓN LIMITADA ";"37";0
"GUAYO PREDATOR EDGE-EDICIÓN LIMITADA ";"38";0
"GUAYO PREDATOR EDGE-EDICIÓN LIMITADA ";"39";0
"GUAYO PREDATOR EDGE-EDICIÓN LIMITADA ";"40";0
"GUAYO PREDATOR EDGE-EDICIÓN LIMITADA ";"41";0
"GUAYO PREDATOR EDGE-EDICIÓN LIMITADA ";"42";0
"GUAYO PREDATOR EDGE-EDICIÓN LIMITADA ";"43";0
"GUAYO PREDATOR EDGE-EDICIÓN LIMITADA ";"44";0
"GUAYO PREDATOR ELITE FG BECKAM ROSA";"Única";0
"JOMA TOP FLEX LIGA 5 ORIGINALES";"37";0
"JOMA TOP FLEX LIGA 5 ORIGINALES";"38";0
"JOMA TOP FLEX LIGA 5 ORIGINALES";"39";0
"JOMA TOP FLEX LIGA 5 ORIGINALES";"40";0
"JOMA TOP FLEX LIGA 5 ORIGINALES";"41";0
"JOMA TOP FLEX LIGA 5 ORIGINALES";"42";0
"JOMA TOP FLEX LIGA 5 ORIGINALES";"43";0
"JOMA TOP FLEX LIGA 5 ORIGINALES";"44";0
"JOMA TOP FLEX REBOUND ";"37";0
"JOMA TOP FLEX REBOUND ";"38";0
"JOMA TOP FLEX REBOUND ";"39";0
"JOMA TOP FLEX REBOUND ";"40";0
"JOMA TOP FLEX REBOUND ";"41";0
"JOMA TOP FLEX REBOUND ";"42";0
"JOMA TOP FLEX REBOUND ";"43";0
"JOMA TOP FLEX REBOUND ";"44";0
"MIZUNO 2 NEGRO-BLANCO";"37";0
"MIZUNO 2 NEGRO-BLANCO";"38";0
"MIZUNO 2 NEGRO-BLANCO";"39";0
"MIZUNO 2 NEGRO-BLANCO";"40";0
"MIZUNO 2 NEGRO-BLANCO";"41";0
"MIZUNO 2 NEGRO-BLANCO";"42";0
"MIZUNO 2 NEGRO-BLANCO";"43";0
"MIZUNO 2 NEGRO-BLANCO";"44";0
"MIZUNO HURRICANE WAVE 3";"37";0
"MIZUNO HURRICANE WAVE 3";"38";0
"MIZUNO HURRICANE WAVE 3";"39";0
"MIZUNO HURRICANE WAVE 3";"40";0
"MIZUNO HURRICANE WAVE 3";"41";0
"MIZUNO HURRICANE WAVE 3";"42";0
"MIZUNO HURRICANE WAVE 3";"43";0
"MIZUNO HURRICANE WAVE 3";"44";0
"TENI GUAYO ADIDAS F50 PRO TF TURF NARANJA";"37";0
"TENI GUAYO ADIDAS F50 PRO TF TURF NARANJA";"38";0
"TENI GUAYO ADIDAS F50 PRO TF TURF NARANJA";"39";0
"TENI GUAYO ADIDAS F50 PRO TF TURF NARANJA";"40";0
"TENI GUAYO ADIDAS F50 PRO TF TURF NARANJA";"41";0
"TENI GUAYO ADIDAS F50 PRO TF TURF NARANJA";"42";0
"TENI GUAYO ADIDAS F50 PRO TF TURF NARANJA";"43";0
"TENI GUAYO ADIDAS F50 PRO TF TURF NARANJA";"44";0
"TENI GUAYO ADIDAS PREDATOR LEAGUE NEGRO-AZUL  ";"Única";0
"TENI GUAYO ADIDAS PREDATOR LEAGUE ROJO-BLANCO  ";"Única";0
"TENI GUAYO F50 LEAGUE TUBULAR BLANCO ROJO ";"Única";0
"TENI GUAYO LAMINE YAMAL MORADO ROSA ";"Única";0
"TENI GUAYO NIKE MERCURIAL VAPOR 15 ACADEMY TF ROSA  ";"Única";0
"TENIGUAYO ADIDAS F50 NEÓN PRO ";"37";0
"TENIGUAYO ADIDAS F50 NEÓN PRO ";"38";0
"TENIGUAYO ADIDAS F50 NEÓN PRO ";"39";0
"TENIGUAYO ADIDAS F50 NEÓN PRO ";"40";0
"TENIGUAYO ADIDAS F50 NEÓN PRO ";"41";0
"TENIGUAYO ADIDAS F50 NEÓN PRO ";"42";0
"TENIGUAYO ADIDAS F50 NEÓN PRO ";"43";0
"TENIGUAYO ADIDAS F50 NEÓN PRO ";"44";0
"TENIGUAYO ADIDAS F50 NIÑO ";"37";0
"TENIGUAYO ADIDAS F50 NIÑO ";"38";0
"TENIGUAYO ADIDAS F50 NIÑO ";"39";0
"TENIGUAYO ADIDAS F50 NIÑO ";"40";0
"TENIGUAYO ADIDAS F50 NIÑO ";"41";0
"TENIGUAYO ADIDAS F50 NIÑO ";"42";0
"TENIGUAYO ADIDAS F50 NIÑO ";"43";0
"TENIGUAYO ADIDAS F50 NIÑO ";"44";0
"TENIGUAYO ADIDAS F50 SPARKFUSION";"37";0
"TENIGUAYO ADIDAS F50 SPARKFUSION";"38";0
"TENIGUAYO ADIDAS F50 SPARKFUSION";"39";0
"TENIGUAYO ADIDAS F50 SPARKFUSION";"40";0
"TENIGUAYO ADIDAS F50 SPARKFUSION";"41";0
"TENIGUAYO ADIDAS F50 SPARKFUSION";"42";0
"TENIGUAYO ADIDAS F50 SPARKFUSION";"43";0
"TENIGUAYO ADIDAS F50 SPARKFUSION";"44";0
"TENIGUAYO ADIDAS F50 TUBULAR";"37";0
"TENIGUAYO ADIDAS F50 TUBULAR";"38";0
"TENIGUAYO ADIDAS F50 TUBULAR";"39";0
"TENIGUAYO ADIDAS F50 TUBULAR";"40";0
"TENIGUAYO ADIDAS F50 TUBULAR";"41";0
"TENIGUAYO ADIDAS F50 TUBULAR";"42";0
"TENIGUAYO ADIDAS F50 TUBULAR";"43";0
"TENIGUAYO ADIDAS F50 TUBULAR";"44";0
"TENIGUAYO ADIDAS F50 X LAMINE YAMAL";"37";0
"TENIGUAYO ADIDAS F50 X LAMINE YAMAL";"38";0
"TENIGUAYO ADIDAS F50 X LAMINE YAMAL";"39";0
"TENIGUAYO ADIDAS F50 X LAMINE YAMAL";"40";0
"TENIGUAYO ADIDAS F50 X LAMINE YAMAL";"41";0
"TENIGUAYO ADIDAS F50 X LAMINE YAMAL";"42";0
"TENIGUAYO ADIDAS F50 X LAMINE YAMAL";"43";0
"TENIGUAYO ADIDAS F50 X LAMINE YAMAL";"44";0
"TENIGUAYO ADIDAS NIÑO ";"37";0
"TENIGUAYO ADIDAS NIÑO ";"38";0
"TENIGUAYO ADIDAS NIÑO ";"39";0
"TENIGUAYO ADIDAS NIÑO ";"40";0
"TENIGUAYO ADIDAS NIÑO ";"41";0
"TENIGUAYO ADIDAS NIÑO ";"42";0
"TENIGUAYO ADIDAS NIÑO ";"43";0
"TENIGUAYO ADIDAS NIÑO ";"44";0
"TENIGUAYO ADIDAS PREDATOR 26 ELITE";"37";0
"TENIGUAYO ADIDAS PREDATOR 26 ELITE";"38";0
"TENIGUAYO ADIDAS PREDATOR 26 ELITE";"39";0
"TENIGUAYO ADIDAS PREDATOR 26 ELITE";"40";0
"TENIGUAYO ADIDAS PREDATOR 26 ELITE";"41";0
"TENIGUAYO ADIDAS PREDATOR 26 ELITE";"42";0
"TENIGUAYO ADIDAS PREDATOR 26 ELITE";"43";0
"TENIGUAYO ADIDAS PREDATOR 26 ELITE";"44";0
"TENIGUAYO ADIDAS PREDATOR 5 X BECKHAM ";"37";0
"TENIGUAYO ADIDAS PREDATOR 5 X BECKHAM ";"38";0
"TENIGUAYO ADIDAS PREDATOR 5 X BECKHAM ";"39";0
"TENIGUAYO ADIDAS PREDATOR 5 X BECKHAM ";"40";0
"TENIGUAYO ADIDAS PREDATOR 5 X BECKHAM ";"41";0
"TENIGUAYO ADIDAS PREDATOR 5 X BECKHAM ";"42";0
"TENIGUAYO ADIDAS PREDATOR 5 X BECKHAM ";"43";0
"TENIGUAYO ADIDAS PREDATOR 5 X BECKHAM ";"44";0
"TENIGUAYO ADIDAS PREDATOR X BAPE ";"37";0
"TENIGUAYO ADIDAS PREDATOR X BAPE ";"38";0
"TENIGUAYO ADIDAS PREDATOR X BAPE ";"39";0
"TENIGUAYO ADIDAS PREDATOR X BAPE ";"40";0
"TENIGUAYO ADIDAS PREDATOR X BAPE ";"41";0
"TENIGUAYO ADIDAS PREDATOR X BAPE ";"42";0
"TENIGUAYO ADIDAS PREDATOR X BAPE ";"43";0
"TENIGUAYO ADIDAS PREDATOR X BAPE ";"44";0
"TENIGUAYO NIKE MERCURIAL ";"37";0
"TENIGUAYO NIKE MERCURIAL ";"38";0
"TENIGUAYO NIKE MERCURIAL ";"39";0
"TENIGUAYO NIKE MERCURIAL ";"40";0
"TENIGUAYO NIKE MERCURIAL ";"41";0
"TENIGUAYO NIKE MERCURIAL ";"42";0
"TENIGUAYO NIKE MERCURIAL ";"43";0
"TENIGUAYO NIKE MERCURIAL ";"44";0
"TENIGUAYO NIKE MERCURIAL NIÑO ";"37";0
"TENIGUAYO NIKE MERCURIAL NIÑO ";"38";0
"TENIGUAYO NIKE MERCURIAL NIÑO ";"39";0
"TENIGUAYO NIKE MERCURIAL NIÑO ";"40";0
"TENIGUAYO NIKE MERCURIAL NIÑO ";"41";0
"TENIGUAYO NIKE MERCURIAL NIÑO ";"42";0
"TENIGUAYO NIKE MERCURIAL NIÑO ";"43";0
"TENIGUAYO NIKE MERCURIAL NIÑO ";"44";0
"TENIGUAYO NIKE PHANTOM GX 6 ELITE ";"37";0
"TENIGUAYO NIKE PHANTOM GX 6 ELITE ";"38";0
"TENIGUAYO NIKE PHANTOM GX 6 ELITE ";"39";0
"TENIGUAYO NIKE PHANTOM GX 6 ELITE ";"40";0
"TENIGUAYO NIKE PHANTOM GX 6 ELITE ";"41";0
"TENIGUAYO NIKE PHANTOM GX 6 ELITE ";"42";0
"TENIGUAYO NIKE PHANTOM GX 6 ELITE ";"43";0
"TENIGUAYO NIKE PHANTOM GX 6 ELITE ";"44";0
"TENIGUAYO NIKE PHANTOM GX 6 ELITE EN BOTA";"37";0
"TENIGUAYO NIKE PHANTOM GX 6 ELITE EN BOTA";"38";0
"TENIGUAYO NIKE PHANTOM GX 6 ELITE EN BOTA";"39";0
"TENIGUAYO NIKE PHANTOM GX 6 ELITE EN BOTA";"40";0
"TENIGUAYO NIKE PHANTOM GX 6 ELITE EN BOTA";"41";0
"TENIGUAYO NIKE PHANTOM GX 6 ELITE EN BOTA";"42";0
"TENIGUAYO NIKE PHANTOM GX 6 ELITE EN BOTA";"43";0
"TENIGUAYO NIKE PHANTOM GX 6 ELITE EN BOTA";"44";0
"TENIGUAYO NIKE TOTAL 90 ";"37";0
"TENIGUAYO NIKE TOTAL 90 ";"38";0
"TENIGUAYO NIKE TOTAL 90 ";"39";0
"TENIGUAYO NIKE TOTAL 90 ";"40";0
"TENIGUAYO NIKE TOTAL 90 ";"41";0
"TENIGUAYO NIKE TOTAL 90 ";"42";0
"TENIGUAYO NIKE TOTAL 90 ";"43";0
"TENIGUAYO NIKE TOTAL 90 ";"44";0
"TENIGUAYO NIKE X ALEXIA PUTELLAS  PHANTOM GX 6 ";"37";0
"TENIGUAYO NIKE X ALEXIA PUTELLAS  PHANTOM GX 6 ";"38";0
"TENIGUAYO NIKE X ALEXIA PUTELLAS  PHANTOM GX 6 ";"39";0
"TENIGUAYO NIKE X ALEXIA PUTELLAS  PHANTOM GX 6 ";"40";0
"TENIGUAYO NIKE X ALEXIA PUTELLAS  PHANTOM GX 6 ";"41";0
"TENIGUAYO NIKE X ALEXIA PUTELLAS  PHANTOM GX 6 ";"42";0
"TENIGUAYO NIKE X ALEXIA PUTELLAS  PHANTOM GX 6 ";"43";0
"TENIGUAYO NIKE X ALEXIA PUTELLAS  PHANTOM GX 6 ";"44";0
